scenario,symbol,company_name,selection_count,avg_activity,avg_drop_pct
原始口径｜全市场活跃前三后筛大跌,LBGJ,Li Bang International Corporati,3,62.256223417745254,-47.98886912994797
原始口径｜全市场活跃前三后筛大跌,YYAI,AiRWA Inc.,3,55.10124353145289,-32.008239970174344
原始口径｜全市场活跃前三后筛大跌,AIXI,XIAO-I Corporation,2,27.850344833904725,-21.452991452991455
原始口径｜全市场活跃前三后筛大跌,FRTT,Fort Technology Inc.,1,191.79865592447723,-28.248587570621464
原始口径｜全市场活跃前三后筛大跌,CGTL,Creative Global Technology Hold,1,98.58648471301595,-53.93939393939393
原始口径｜全市场活跃前三后筛大跌,VBIO,"Valion Bio, Inc.",1,76.3423394999245,-25.806451612903224
原始口径｜全市场活跃前三后筛大跌,AKAN,Akanda Corp.,1,64.57562112848116,-8.22722820763958
原始口径｜全市场活跃前三后筛大跌,STAK,STAK Inc.,1,49.041876941293204,-46.36871508379888
原始口径｜全市场活跃前三后筛大跌,BIYA,Baiya International Group Inc.,1,48.77418899291756,-15.217391304347828
原始口径｜全市场活跃前三后筛大跌,MSS,Maison Solutions Inc.,1,47.00497615813784,-28.4046692607004
原始口径｜全市场活跃前三后筛大跌,HAO,Haoxi Health Technology Limited,1,40.93032961934829,-66.35514018691589
原始口径｜全市场活跃前三后筛大跌,WLDS,Wearable Devices Ltd.,1,38.542705444319765,-13.907284768211936
原始口径｜全市场活跃前三后筛大跌,ONFO,Onfolio Holdings Inc.,1,37.89520920918433,-28.68020304568527
原始口径｜全市场活跃前三后筛大跌,JTAI,Jet.AI Inc.,1,30.734848930993653,-35.52361396303901
原始口径｜全市场活跃前三后筛大跌,FCHL,Fitness Champs Holdings Limited,1,29.583945451190683,-35.754189944134076
原始口径｜全市场活跃前三后筛大跌,JEM,707 Cayman Holdings Limited,1,25.08606439493844,-19.143576826196483
原始口径｜全市场活跃前三后筛大跌,FRSX,Foresight Autonomous Holdings L,1,22.393793118819502,-25.531914893617024
原始口径｜全市场活跃前三后筛大跌,AHMA,Ambitions Enterprise Management,1,20.0766241516898,-50.76923076923077
原始口径｜全市场活跃前三后筛大跌,VSA,VisionSys AI Inc.,1,15.06289057100915,-44.52554744525548
原始口径｜大跌池内活跃前三,CGTL,Creative Global Technology Hold,13,11.858435570093276,-21.652899394758858
原始口径｜大跌池内活跃前三,AIXI,XIAO-I Corporation,12,7.465156387111666,-20.61204809510947
原始口径｜大跌池内活跃前三,STAK,STAK Inc.,10,12.80894338860413,-31.64638216522399
原始口径｜大跌池内活跃前三,LBGJ,Li Bang International Corporati,8,44.33769306413991,-34.981712617046995
原始口径｜大跌池内活跃前三,YYAI,AiRWA Inc.,8,43.66341478974772,-34.61809676388313
原始口径｜大跌池内活跃前三,AKAN,Akanda Corp.,5,14.433969337103003,-17.69519323005003
原始口径｜大跌池内活跃前三,ELAB,PMGC Holdings Inc.,5,1.9819155096683858,-27.71942168069031
原始口径｜大跌池内活跃前三,ONFO,Onfolio Holdings Inc.,4,24.26904563452526,-15.603475713232983
原始口径｜大跌池内活跃前三,GMEX,GMEX ROBOTICS CORPORATION,4,8.377320261887425,-16.15693330448412
原始口径｜大跌池内活跃前三,GPUS,"Hyperscale Data, Inc.",4,7.583541318721558,-14.538636262307017
原始口径｜大跌池内活跃前三,UBXG,U-BX Technology Ltd.,4,5.143865900378526,-27.084038752286443
原始口径｜大跌池内活跃前三,JZXN,"Jiuzi Holdings, Inc.",4,2.4599224067223577,-18.60154114748396
原始口径｜大跌池内活跃前三,ARTL,"Artelo Biosciences, Inc.",4,2.0514673991729078,-15.559869865007727
原始口径｜大跌池内活跃前三,CHSN,Chanson International Holding,4,1.2395991222289002,-47.77012355642666
原始口径｜大跌池内活跃前三,DAIC,"CID HoldCo, Inc.",3,14.273191124230943,-17.025267302598234
原始口径｜大跌池内活跃前三,BNRG,Brenmiller Energy Ltd,3,10.427279020101983,-12.9934081113417
原始口径｜大跌池内活跃前三,JEM,707 Cayman Holdings Limited,3,10.283921731994681,-29.809323451495032
原始口径｜大跌池内活跃前三,LRHC,La Rosa Holdings Corp.,3,6.1582093510423475,-15.033085088322986
原始口径｜大跌池内活跃前三,VIVK,"Vivakor, Inc.",3,5.937824452464031,-20.209993494877217
原始口径｜大跌池内活跃前三,RITR,Reitar Logtech Holdings Limited,3,5.036392432343384,-31.056542968957597
原始口径｜大跌池内活跃前三,CMND,Clearmind Medicine Inc.,3,4.394987376408088,-24.22947422947423
原始口径｜大跌池内活跃前三,SUGP,SU Group Holdings Limited,3,4.226761811999862,-30.820072194824345
原始口径｜大跌池内活跃前三,ELPW,Elong Power Holding Limited,3,3.28008519793342,-32.990527690613966
原始口径｜大跌池内活跃前三,DLXY,Delixy Holdings Limited,3,3.0482056844806835,-15.31723646723646
原始口径｜大跌池内活跃前三,LNKS,Linkers Industries Limited,3,2.8585431033857014,-33.003159275154985
原始口径｜大跌池内活跃前三,ASTC,Astrotech Corporation,3,2.8553130746568924,-18.41939733805476
原始口径｜大跌池内活跃前三,GV,Visionary Holdings Inc.,3,2.824529678408552,-18.930002644400346
原始口径｜大跌池内活跃前三,TPET,Trio Petroleum Corp.,3,2.812891876219446,-25.52088299116644
原始口径｜大跌池内活跃前三,PMAX,Powell Max Limited,3,2.737868663750272,-22.220795334698185
原始口径｜大跌池内活跃前三,ANNA,"AleAnna, Inc.",3,1.60339031486719,-17.020012548129817
原始口径｜大跌池内活跃前三,EZGO,EZGO Technologies Ltd.,3,1.1148201178718915,-63.494310958555815
原始口径｜大跌池内活跃前三,RXT,"Rackspace Technology, Inc.",3,0.6111719210765136,-12.000728707413307
原始口径｜大跌池内活跃前三,VBIO,"Valion Bio, Inc.",2,41.194195442256664,-25.72931276297335
原始口径｜大跌池内活跃前三,MSS,Maison Solutions Inc.,2,32.398850031276936,-18.305255353576893
原始口径｜大跌池内活跃前三,BIYA,Baiya International Group Inc.,2,25.968435128865075,-11.82556312205343
原始口径｜大跌池内活跃前三,GIPR,Generation Income Properties In,2,18.11122105396637,-19.448638755433535
原始口径｜大跌池内活跃前三,JTAI,Jet.AI Inc.,2,17.654337508581065,-24.449705070691486
原始口径｜大跌池内活跃前三,FCHL,Fitness Champs Holdings Limited,2,16.467584463732727,-26.053195600997846
原始口径｜大跌池内活跃前三,FRGT,"Freight Technologies, Inc.",2,16.28751809977653,-20.74970484061393
原始口径｜大跌池内活跃前三,NCRA,"Nocera, Inc.",2,11.874988685624668,-13.625000000000004
原始口径｜大跌池内活跃前三,UK,Ucommune International Ltd,2,11.598754886946914,-10.73489954845887
原始口径｜大跌池内活跃前三,AMIX,"Autonomix Medical, Inc.",2,10.947674990111944,-25.214846036763845
原始口径｜大跌池内活跃前三,OSRH,"OSR Health, Inc.",2,9.378481510571085,-32.64534353927465
原始口径｜大跌池内活跃前三,JLHL,Julong Holding Limited,2,8.866836866365189,-28.973330332466844
原始口径｜大跌池内活跃前三,ASBP,"Aspire Biopharma Holdings, Inc.",2,7.7814974399698515,-21.071246819338427
原始口径｜大跌池内活跃前三,ZYBT,Zhengye Biotechnology Holding L,2,6.7069188458706925,-36.99442682293066
原始口径｜大跌池内活跃前三,PPBT,Purple Biotech Ltd.,2,5.834434699338011,-31.536344036344033
原始口径｜大跌池内活跃前三,DFNS,T3 Defense Inc.,2,5.517397118244157,-38.383075715686815
原始口径｜大跌池内活跃前三,CISS,C3is Inc.,2,5.3498044978792985,-16.218872870249022
原始口径｜大跌池内活跃前三,RMSG,Real Messenger Corporation,2,5.194962016024446,-34.517304189435336
原始口径｜大跌池内活跃前三,FGL,Founder Group Limited,2,4.879800834111327,-28.594619666048246
原始口径｜大跌池内活跃前三,MRNO,Murano Global Investments PLC,2,4.723673763851297,-19.867911829042573
原始口径｜大跌池内活跃前三,DXST,Decent Holding Inc.,2,4.0638014279434325,-27.578760162601625
原始口径｜大跌池内活跃前三,CIIT,"Tianci International, Inc.",2,3.7260886214706175,-13.327951647623781
原始口径｜大跌池内活跃前三,BYAH,Park Ha Biological Technology C,2,3.626950504224588,-17.66129032258064
原始口径｜大跌池内活跃前三,FGI,FGI Industries Ltd.,2,3.5755468054987847,-23.369945368371546
原始口径｜大跌池内活跃前三,VCIG,VCI Global Limited,2,3.492312408840838,-17.413449564134496
原始口径｜大跌池内活跃前三,YHC,LQR House Inc.,2,3.488577849447671,-62.20838437457465
原始口径｜大跌池内活跃前三,DXF,Dunxin Financial Holdings Limit,2,3.1910780541190933,-17.48248665066379
原始口径｜大跌池内活跃前三,INHD,Inno Holdings Inc.,2,3.188198398496096,-33.28993826064659
原始口径｜大跌池内活跃前三,NXTS,Nexentis Technologies Inc.,2,2.8380088371069423,-31.77755749405234
原始口径｜大跌池内活跃前三,LZMH,LZ Technology Holdings Limited,2,2.632696250994791,-46.61359956826768
原始口径｜大跌池内活跃前三,RBNE,Robin Energy Ltd.,2,2.6221595665680963,-10.112813963388673
原始口径｜大跌池内活跃前三,SNAL,"Snail, Inc.",2,2.4469913219625368,-30.733603786342123
原始口径｜大跌池内活跃前三,NVNI,Nvni Group Limited,2,2.238766996357271,-19.468152866242033
原始口径｜大跌池内活跃前三,EDHL,Everbright Digital Holding Limi,2,2.1906069415034874,-15.279832347140044
原始口径｜大跌池内活跃前三,IBG,Innovation Beverage Group Limit,2,2.148265508185908,-45.72137246796197
原始口径｜大跌池内活跃前三,VRAX,Virax Biolabs Group Limited,2,2.047623448244286,-17.91423001949319
原始口径｜大跌池内活跃前三,CAR,"Avis Budget Group, Inc.",2,1.9144380761903648,-43.10291686295258
原始口径｜大跌池内活跃前三,FMFC,Kandal M Venture Limited,2,1.7082437660460634,-25.273301291112993
原始口径｜大跌池内活跃前三,SOBR,"SOBR Safe, Inc.",2,1.6884982948691873,-38.79505091578911
原始口径｜大跌池内活跃前三,MGN,Megan Holdings Limited,2,1.5293579124244279,-50.711128391928945
原始口径｜大跌池内活跃前三,ACXP,"Acurx Pharmaceuticals, Inc.",2,1.5015268208833725,-19.735156552566515
原始口径｜大跌池内活跃前三,RENX,RenX Enterprises Corp.,2,1.4333171525730146,-17.787800180796296
原始口径｜大跌池内活跃前三,SWMR,"Swarmer, Inc",2,1.3250327358200586,-29.16833690967936
原始口径｜大跌池内活跃前三,BIAF,"bioAffinity Technologies, Inc.",2,1.322915837984384,-9.697338346973384
原始口径｜大跌池内活跃前三,PBM,Psyence Biomedical Ltd.,2,1.3002032750040449,-13.408849557522124
原始口径｜大跌池内活跃前三,CODX,"Co-Diagnostics, Inc.",2,1.1657886618731585,-16.54206782496845
原始口径｜大跌池内活跃前三,EONR,EON Resources Inc.,2,1.1149472570738264,-17.776314505901862
原始口径｜大跌池内活跃前三,VG,"Venture Global, Inc.",2,0.772693251245486,-9.86755486029184
原始口径｜大跌池内活跃前三,WOK,WORK Medical Technology Group L,2,0.6553731328215424,-36.95123695123695
原始口径｜大跌池内活跃前三,BRTX,"BioRestorative Therapies, Inc.",2,0.5327146744026525,-13.720538720538723
原始口径｜大跌池内活跃前三,FRTT,Fort Technology Inc.,1,191.79865592447723,-28.248587570621464
原始口径｜大跌池内活跃前三,HAO,Haoxi Health Technology Limited,1,40.93032961934829,-66.35514018691589
原始口径｜大跌池内活跃前三,WLDS,Wearable Devices Ltd.,1,38.542705444319765,-13.907284768211936
原始口径｜大跌池内活跃前三,EHGO,Eshallgo Inc.,1,34.14466085529021,-33.149171270718234
原始口径｜大跌池内活跃前三,GSUN,Golden Sun Technology Group Lim,1,28.233482598904754,-39.59537572254336
原始口径｜大跌池内活跃前三,NVVE,Nuvve Holding Corp.,1,27.825214051271637,-44.21416234887737
原始口径｜大跌池内活跃前三,MTEN,Mingteng International Corporat,1,25.66621839597103,-21.649484536082475
原始口径｜大跌池内活跃前三,CDTG,CDT Environmental Technology In,1,25.370373004689473,-8.510638297872353
原始口径｜大跌池内活跃前三,TRUG,"TruGolf Holdings, Inc.",1,24.482687857918222,-29.220779220779214
原始口径｜大跌池内活跃前三,SGLY,Singularity Future Technology L,1,24.040000468590218,-22.271714922049
原始口径｜大跌池内活跃前三,FRSX,Foresight Autonomous Holdings L,1,22.393793118819502,-25.531914893617024
原始口径｜大跌池内活跃前三,AHMA,Ambitions Enterprise Management,1,20.0766241516898,-50.76923076923077
原始口径｜大跌池内活跃前三,YMT,Yimutian Inc.,1,17.48892121776313,-13.793103448275856
原始口径｜大跌池内活跃前三,VEEE,Twin Vee PowerCats Co.,1,17.312017181064213,-30.95299922098156
原始口径｜大跌池内活跃前三,PAVS,Paranovus Entertainment Technol,1,15.732122866783529,-8.653846153846157
原始口径｜大跌池内活跃前三,VSA,VisionSys AI Inc.,1,15.06289057100915,-44.52554744525548
原始口径｜大跌池内活跃前三,WFF,WF Holding Limited,1,12.769946860806131,-15.441176470588236
原始口径｜大跌池内活跃前三,RUBI,Rubico Inc.,1,11.691643418751951,-24.193548387096765
原始口径｜大跌池内活跃前三,GVH,Globavend Holdings Limited - Or,1,11.29015887836843,-68.90756302521008
原始口径｜大跌池内活跃前三,FCUV,Focus Universal Inc.,1,11.22678713152871,-10.112359550561834
原始口径｜大跌池内活跃前三,ZCMD,Zhongchao Inc.,1,10.98290623187596,-59.67365967365967
原始口径｜大跌池内活跃前三,CAPS,Capstone Holding Corp.,1,10.824247253384714,-9.168081494057711
原始口径｜大跌池内活跃前三,JUNS,"Jupiter Neurosciences, Inc.",1,9.80082757311144,-35.937500000000014
原始口径｜大跌池内活跃前三,MGIH,Millennium Group International ,1,9.582475897435897,-10.344827586206895
原始口径｜大跌池内活跃前三,MASK,3 E Network Technology Group Lt,1,9.421422286777188,-13.317191283292972
原始口径｜大跌池内活跃前三,NWGL,CL Workshop Group Limited,1,8.067229123599049,-31.428571428571438
原始口径｜大跌池内活跃前三,CLRO,"ClearOne, Inc.",1,7.91578423761764,-26.589595375722542
原始口径｜大跌池内活跃前三,VTAK,"Catheter Precision, Inc.",1,7.8540575283943905,-13.846153846153841
原始口径｜大跌池内活跃前三,ACCL,Acco Group Holdings Limited,1,7.535612061765169,-11.48648648648648
原始口径｜大跌池内活跃前三,PFSA,"Profusa, Inc.",1,7.1050876138706975,-28.654970760233923
原始口径｜大跌池内活跃前三,CCHH,CCH Holdings Ltd,1,6.897971295527374,-22.222222222222232
原始口径｜大跌池内活跃前三,CHNR,"China Natural Resources, Inc.",1,6.656305690551031,-11.943793911007017
原始口径｜大跌池内活跃前三,CTNT,Cheetah Net Supply Chain Servic,1,6.45384587808945,-9.340659340659352
原始口径｜大跌池内活跃前三,TDIC,Dreamland Limited,1,6.0588231949075535,-96.52928416485899
原始口径｜大跌池内活跃前三,STKH,Steakholder Foods Ltd.,1,5.9833107574560405,-24.72222222222222
原始口径｜大跌池内活跃前三,BTOG,Bit Origin Limited,1,5.903135084337851,-24.53987730061349
原始口径｜大跌池内活跃前三,AEHL,Antelope Enterprise Holdings Li,1,5.772574031031882,-13.777089783281738
原始口径｜大跌池内活跃前三,BBLG,Bone Biologics Corp,1,5.633858020965543,-27.612761276127607
原始口径｜大跌池内活跃前三,VIVS,"VivoSim Labs, Inc.",1,5.571880544660063,-10.89108910891089
原始口径｜大跌池内活跃前三,TRIB,Trinity Biotech plc,1,5.425290866671846,-39.00343642611684
原始口径｜大跌池内活跃前三,DTSS,Datasea Intelligent Technology ,1,5.1358642918272075,-8.280254777070073
原始口径｜大跌池内活跃前三,XXII,"22nd Century Group, Inc",1,4.955482984894042,-12.17948717948717
原始口径｜大跌池内活跃前三,BIRD,"Smartbird, Inc.",1,4.788105704466814,-35.78575632725132
原始口径｜大跌池内活跃前三,SKK,SKK Holdings Limited,1,4.7142985444587815,-54.38884331419196
原始口径｜大跌池内活跃前三,DFSC,DEFSEC Technologies Inc.,1,4.6847136110934136,-27.999999999999993
原始口径｜大跌池内活跃前三,GCTK,"GlucoTrack, Inc.",1,4.599629244218878,-9.174311926605515
原始口径｜大跌池内活跃前三,SILO,"Silo Pharma, Inc.",1,4.3834880262845415,-9.0032154340836
原始口径｜大跌池内活跃前三,SHPH,Shuttle Pharmaceuticals Holding,1,4.263409453480066,-33.00970873786409
原始口径｜大跌池内活跃前三,TNMG,TNL Mediagene,1,4.194003885822837,-35.64356435643564
原始口径｜大跌池内活跃前三,JYD,Jayud Global Logistics Limited,1,4.136331627391549,-65.94202898550725
原始口径｜大跌池内活跃前三,BAOS,Baosheng Media Group Holdings L,1,3.862487401411042,-15.966386554621847
原始口径｜大跌池内活跃前三,LABT,Lakewood-Amedex Biotherapeutics,1,3.8579393680466656,-36.66666666666666
原始口径｜大跌池内活跃前三,ONCO,"Onconetix, Inc.",1,3.8014193245806993,-39.75155279503107
原始口径｜大跌池内活跃前三,CSTE,Caesarstone Ltd.,1,3.639180948580738,-10.144927536231895
原始口径｜大跌池内活跃前三,GNPX,"Genprex, Inc.",1,3.627752949404976,-20.701168614357268
原始口径｜大跌池内活跃前三,TNON,"Tenon Medical, Inc.",1,3.3317625283587566,-10.429447852760742
原始口径｜大跌池内活跃前三,CJMB,Callan JMB Inc.,1,3.179621294936721,-19.183673469387752
原始口径｜大跌池内活跃前三,BANL,CBL International Limited,1,3.1156077440648002,-11.32812500000001
原始口径｜大跌池内活跃前三,UCAR,U Power Limited,1,2.9274048128728736,-31.092436974789905
原始口径｜大跌池内活跃前三,AZTR,Azitra Inc,1,2.889697171040889,-15.270935960591137
原始口径｜大跌池内活跃前三,BJDX,"Bluejay Diagnostics, Inc.",1,2.837965744745746,-50.85324232081911
原始口径｜大跌池内活跃前三,BBGI,"Beasley Broadcast Group, Inc.",1,2.7717473960496175,-11.564625850340127
原始口径｜大跌池内活跃前三,TOPS,"TOP Ships, Inc.",1,2.712687641221371,-9.090909090909083
原始口径｜大跌池内活跃前三,AMBO,Ambow Education Holding Ltd. Am,1,2.6492250099833883,-12.313432835820892
原始口径｜大跌池内活跃前三,WCT,Wellchange Holdings Company Lim,1,2.571066356848433,-24.590163934426222
原始口径｜大跌池内活跃前三,SDOT,Sadot Group Inc.,1,2.561774915251939,-29.79166666666667
原始口径｜大跌池内活跃前三,IMCC,IM Cannabis Corp.,1,2.5315450167828675,-13.934426229508201
原始口径｜大跌池内活跃前三,RAYA,Erayak Power Solution Group Inc,1,2.5104954810833773,-35.42319749216303
原始口径｜大跌池内活跃前三,QNRX,"Quoin Pharmaceuticals, Ltd.",1,2.479658181340905,-26.30385487528345
原始口径｜大跌池内活跃前三,PHIO,Phio Pharmaceuticals Corp.,1,2.37991590395908,-13.592233009708742
原始口径｜大跌池内活跃前三,VMAR,Vision Marine Technologies Inc.,1,2.371227024185188,-16.402116402116405
原始口径｜大跌池内活跃前三,NXXT,"NextNRG, Inc.",1,2.369191237956505,-18.292682926829272
原始口径｜大跌池内活跃前三,DBGI,"Digital Brands Group, Inc.",1,2.3009089184688136,-55.88235294117647
原始口径｜大跌池内活跃前三,UPC,Universe Pharmaceuticals Inc,1,2.273812557314324,-49.917898193760266
原始口径｜大跌池内活跃前三,ABTS,Abits Group Inc,1,2.264057695843737,-8.264462809917351
原始口径｜大跌池内活跃前三,CYAB,"Cyabra, Inc.",1,2.2395636026932246,-32.94117647058823
原始口径｜大跌池内活跃前三,HKIT,Hitek Global Inc.,1,2.22010239692302,-14.848484848484855
原始口径｜大跌池内活跃前三,AUUD,Auddia Inc.,1,2.1643022341290066,-63.83399209486166
原始口径｜大跌池内活跃前三,PRSO,Peraso Inc.,1,2.0501639002616825,-11.274509803921573
原始口径｜大跌池内活跃前三,SOAR,"Volato Group, Inc.",1,2.050133792407418,-11.49825783972126
原始口径｜大跌池内活跃前三,SPRC,SciSparc Ltd.,1,2.0052013922394907,-28.342245989304825
原始口径｜大跌池内活跃前三,RGNT,Regentis Biomaterials Ltd.,1,1.9876150796207575,-35.1063829787234
原始口径｜大跌池内活跃前三,ATPC,Agape ATP Corporation,1,1.9591742125069065,-26.90476190476191
原始口径｜大跌池内活跃前三,PSIG,PS International Group Ltd.,1,1.8094955293264419,-87.71186440677965
原始口径｜大跌池内活跃前三,XNDU,Xanadu Quantum Technologies Lim,1,1.6913436182027888,-61.26799557032114
原始口径｜大跌池内活跃前三,KAPA,"Kairos Pharma, Ltd.",1,1.6574903586591458,-12.241653418123999
原始口径｜大跌池内活跃前三,LICN,Lichen International Limited,1,1.6562275541256446,-38.92215568862275
原始口径｜大跌池内活跃前三,ICON,Icon Energy Corp.,1,1.612109904196283,-17.682926829268297
原始口径｜大跌池内活跃前三,DRCT,"Direct Digital Holdings, Inc.",1,1.6087807945729555,-11.349693251533733
原始口径｜大跌池内活跃前三,TRNR,Interactive Strength Inc.,1,1.5910958078480568,-14.000000000000002
原始口径｜大跌池内活跃前三,FBLG,"FibroBiologics, Inc.",1,1.564151149329013,-42.10526315789475
原始口径｜大跌池内活跃前三,INDO,Indonesia Energy Corporation Li,1,1.5124996980087797,-22.106824925816028
原始口径｜大跌池内活跃前三,ONEG,OneConstruction Group Limited,1,1.490031450719823,-80.33536585365853
原始口径｜大跌池内活跃前三,SXTP,"60 Degrees Pharmaceuticals, Inc",1,1.4758254581233439,-9.627329192546586
原始口径｜大跌池内活跃前三,CNEY,CN Energy Group Inc.,1,1.4494144010883776,-21.752265861027187
原始口径｜大跌池内活跃前三,HCTI,"Healthcare Triangle, Inc.",1,1.4416691146963123,-13.597246127366624
原始口径｜大跌池内活跃前三,NPT,Texxon Holding Limited,1,1.4406241719284931,-50.40650406504065
原始口径｜大跌池内活跃前三,MLSS,"Milestone Scientific, Inc.",1,1.332157544559876,-8.904109589041088
原始口径｜大跌池内活跃前三,NSRX,Nasus Pharma Ltd.,1,1.2446449467999805,-38.0
原始口径｜大跌池内活跃前三,POET,POET Technologies Inc.,1,1.2036677296352858,-47.35099337748344
原始口径｜大跌池内活跃前三,ODD,ODDITY Tech Ltd.,1,1.1716568596435706,-49.20744314266023
原始口径｜大跌池内活跃前三,KUST,"Kustom Entertainment, Inc.",1,1.1603916634959164,-23.949579831932766
原始口径｜大跌池内活跃前三,REPL,"Replimune Group, Inc.",1,1.1582816537842435,-64.28571428571428
原始口径｜大跌池内活跃前三,LGVN,Longeveron Inc.,1,1.049583837651715,-8.247422680412363
原始口径｜大跌池内活跃前三,BFRG,"Bullfrog AI Holdings, Inc.",1,1.0395070212898356,-25.92592592592593
原始口径｜大跌池内活跃前三,MDCX,Medicus Pharma Ltd.,1,1.0195354290400074,-25.0620347394541
原始口径｜大跌池内活跃前三,FUTU,Futu Holdings Limited,1,1.0118357093500294,-27.531083481349906
原始口径｜大跌池内活跃前三,LESL,"Leslie's, Inc.",1,0.9930413035162601,-13.428571428571434
原始口径｜大跌池内活跃前三,IPST,"IP Strategy Holdings, Inc.",1,0.9819743072237651,-14.003590664272892
原始口径｜大跌池内活跃前三,EEIQ,EpicQuest Education Group Inter,1,0.9758350734755574,-13.103448275862062
原始口径｜大跌池内活跃前三,AIDX,"20/20 Biolabs, Inc.",1,0.9576553360831976,-19.00826446280992
原始口径｜大跌池内活跃前三,ADVB,Advanced Biomed Inc.,1,0.9318746077867968,-8.374384236453203
原始口径｜大跌池内活跃前三,SST,"System1, Inc.",1,0.903361621151783,-31.60919540229884
原始口径｜大跌池内活跃前三,WGRX,"Wellgistics Health, Inc.",1,0.9022829827134711,-13.541666666666652
原始口径｜大跌池内活跃前三,NCI,Neo-Concept International Group,1,0.8864838834746886,-8.105646630236796
原始口径｜大跌池内活跃前三,NAMM,Namib Minerals,1,0.8534544844207962,-9.944751381215477
原始口径｜大跌池内活跃前三,POM,POMDOCTOR LIMITED,1,0.8396023885551405,-85.87570621468927
原始口径｜大跌池内活跃前三,ANPA,Rich Sparkle Holdings Limited,1,0.8393630880198484,-16.71134941912421
原始口径｜大跌池内活跃前三,GXAI,Gaxos.ai Inc.,1,0.8223355100265327,-10.497237569060768
原始口径｜大跌池内活跃前三,SNGX,"Soligenix, Inc.",1,0.7922642932687752,-70.35211267605635
原始口径｜大跌池内活跃前三,HTCO,High-Trend International Group,1,0.7790613954737584,-78.83307169021455
原始口径｜大跌池内活跃前三,CDIO,Cardio Diagnostics Holdings Inc,1,0.7450709274318114,-20.610687022900752
原始口径｜大跌池内活跃前三,KIDZ,KIDZ AI Inc.,1,0.7418152430887014,-18.445121951219512
原始口径｜大跌池内活跃前三,MTVA,MetaVia Inc.,1,0.7304336032927393,-22.857142857142865
原始口径｜大跌池内活跃前三,BENF,Beneficient,1,0.700928216778975,-19.277108433734945
原始口径｜大跌池内活跃前三,GETY,"Getty Images Holdings, Inc.",1,0.69848614661173,-8.108108108108103
原始口径｜大跌池内活跃前三,RDGT,"Ridgetech, Inc.",1,0.652416071205692,-29.54545454545454
原始口径｜大跌池内活跃前三,VITL,"Vital Farms, Inc.",1,0.6275401875573783,-20.666666666666668
原始口径｜大跌池内活跃前三,ENVB,"Enveric Biosciences, Inc.",1,0.6256812483785633,-23.449612403100772
原始口径｜大跌池内活跃前三,DUOL,"Duolingo, Inc.",1,0.554298235137468,-14.005959982971483
原始口径｜大跌池内活跃前三,CREG,Smart Powerr Corp.,1,0.5290128403513077,-32.85714285714286
原始口径｜大跌池内活跃前三,SMCI,"Super Micro Computer, Inc.",1,0.5198107579922165,-33.322507307567385
原始口径｜大跌池内活跃前三,NFE,New Fortress Energy Inc.,1,0.5114137636497512,-19.999999999999996
原始口径｜大跌池内活跃前三,LNAI,Lunai Bioworks Inc.,1,0.44742529964750843,-27.82764811490126
原始口径｜大跌池内活跃前三,RDAC,Rising Dragon Acquisition Corp.,1,0.38341214566610166,-48.025353486104336
原始口径｜大跌池内活跃前三,GCDT,Green Circle Decarbonize Techno,1,0.3549398429659366,-33.333333333333336
原始口径｜大跌池内活跃前三,TURB,"Turbo Energy, S.A.",1,0.3056330073226592,-9.398496240601506
原始口径｜大跌池内活跃前三,GFAI,"Guardforce AI Co., Limited",1,0.25478836253866083,-11.242603550295849
可交易口径｜全市场活跃前三后筛大跌,DFNS,T3 Defense Inc.,3,4.96780884951789,-33.252673783357615
可交易口径｜全市场活跃前三后筛大跌,RUBI,Rubico Inc.,2,6.74233244749367,-22.501398471005025
可交易口径｜全市场活跃前三后筛大跌,ELAB,PMGC Holdings Inc.,2,3.288863414325065,-40.83148219073152
可交易口径｜全市场活跃前三后筛大跌,TPET,Trio Petroleum Corp.,2,2.421549652666744,-10.076196281621458
可交易口径｜全市场活跃前三后筛大跌,SKYQ,Sky Quarry Inc.,2,1.8187676272511155,-15.295358649789032
可交易口径｜全市场活跃前三后筛大跌,SDOT,Sadot Group Inc.,2,1.550324992673458,-20.96097747410459
可交易口径｜全市场活跃前三后筛大跌,JEM,707 Cayman Holdings Limited,1,25.08606439493844,-19.143576826196483
可交易口径｜全市场活跃前三后筛大跌,VSA,VisionSys AI Inc.,1,15.06289057100915,-44.52554744525548
可交易口径｜全市场活跃前三后筛大跌,VCIG,VCI Global Limited,1,6.331119070709546,-12.826899128268987
可交易口径｜全市场活跃前三后筛大跌,TDIC,Dreamland Limited,1,6.0588231949075535,-96.52928416485899
可交易口径｜全市场活跃前三后筛大跌,BIRD,"Smartbird, Inc.",1,4.788105704466814,-35.78575632725132
可交易口径｜全市场活跃前三后筛大跌,ONCO,"Onconetix, Inc.",1,3.8014193245806993,-39.75155279503107
可交易口径｜全市场活跃前三后筛大跌,AKAN,Akanda Corp.,1,3.7667644354658423,-28.04344018216851
可交易口径｜全市场活跃前三后筛大跌,ASTC,Astrotech Corporation,1,3.398988260718283,-28.915662650602414
可交易口径｜全市场活跃前三后筛大跌,MOBX,"Mobix Labs, Inc.",1,3.266359965395556,-26.785714285714302
可交易口径｜全市场活跃前三后筛大跌,LRHC,La Rosa Holdings Corp.,1,3.1613172253524744,-8.965517241379306
可交易口径｜全市场活跃前三后筛大跌,BIAF,"bioAffinity Technologies, Inc.",1,2.0943180445448397,-8.080808080808078
可交易口径｜全市场活跃前三后筛大跌,PRSO,Peraso Inc.,1,2.0501639002616825,-11.274509803921573
可交易口径｜全市场活跃前三后筛大跌,ANNA,"AleAnna, Inc.",1,2.0458273560824187,-22.772277227722782
可交易口径｜全市场活跃前三后筛大跌,TENX,"Tenax Therapeutics, Inc.",1,1.8720281881444545,-89.73214285714286
可交易口径｜全市场活跃前三后筛大跌,CAR,"Avis Budget Group, Inc.",1,1.7655508138472014,-37.8209168452456
可交易口径｜全市场活跃前三后筛大跌,XHLD,"TEN Holdings, Inc.",1,1.731084401546405,-28.11387900355872
可交易口径｜全市场活跃前三后筛大跌,PBM,Psyence Biomedical Ltd.,1,1.6639018840934776,-16.01769911504425
可交易口径｜全市场活跃前三后筛大跌,LESL,"Leslie's, Inc.",1,1.6454022667827564,-41.07142857142857
可交易口径｜全市场活跃前三后筛大跌,LVWR,"LiveWire Group, Inc.",1,1.6445368271826177,-19.753086419753085
可交易口径｜全市场活跃前三后筛大跌,EZGO,EZGO Technologies Ltd.,1,1.5733969075989314,-91.57894736842105
可交易口径｜全市场活跃前三后筛大跌,ACXP,"Acurx Pharmaceuticals, Inc.",1,1.5688479952320762,-16.915422885572152
可交易口径｜全市场活跃前三后筛大跌,EDBL,Edible Garden AG Incorporated,1,1.445417518565127,-25.0
可交易口径｜全市场活跃前三后筛大跌,HCTI,"Healthcare Triangle, Inc.",1,1.4416691146963123,-13.597246127366624
可交易口径｜全市场活跃前三后筛大跌,QNCX,"Quince Therapeutics, Inc.",1,1.2967684027740118,-13.043478260869556
可交易口径｜全市场活跃前三后筛大跌,ODD,ODDITY Tech Ltd.,1,1.1716568596435706,-49.20744314266023
可交易口径｜全市场活跃前三后筛大跌,SRXH,SRX Global Inc.,1,1.1280124772140903,-13.043478260869524
可交易口径｜全市场活跃前三后筛大跌,LASE,Laser Photonics Corporation,1,1.0370203282483268,-14.364640883977897
可交易口径｜全市场活跃前三后筛大跌,KNRX,KNOREX LTD.,1,0.944368549927026,-14.28571428571428
可交易口径｜全市场活跃前三后筛大跌,RXT,"Rackspace Technology, Inc.",1,0.8780361083989479,-11.309523809523814
可交易口径｜全市场活跃前三后筛大跌,NAMM,Namib Minerals,1,0.8534544844207962,-9.944751381215477
可交易口径｜大跌池内活跃前三,SKYQ,Sky Quarry Inc.,8,0.8165243065020029,-16.611536172172222
可交易口径｜大跌池内活跃前三,ELAB,PMGC Holdings Inc.,7,1.549805488776972,-23.044571025605244
可交易口径｜大跌池内活跃前三,SDOT,Sadot Group Inc.,7,1.1709570610194528,-22.845906402670217
可交易口径｜大跌池内活跃前三,RXT,"Rackspace Technology, Inc.",7,0.5049305116014521,-15.414448533558456
可交易口径｜大跌池内活跃前三,DFNS,T3 Defense Inc.,5,3.2471020116522866,-25.103469278895563
可交易口径｜大跌池内活跃前三,ANNA,"AleAnna, Inc.",5,1.281784434764862,-16.600604659814273
可交易口径｜大跌池内活跃前三,TPET,Trio Petroleum Corp.,5,1.2567004611915658,-13.48873109911182
可交易口径｜大跌池内活跃前三,CAR,"Avis Budget Group, Inc.",5,1.0180217518151387,-25.602986953562066
可交易口径｜大跌池内活跃前三,POET,POET Technologies Inc.,5,0.6305918416687961,-21.313011945309846
可交易口径｜大跌池内活跃前三,WOK,WORK Medical Technology Group L,5,0.6049604846739611,-32.32696734488448
可交易口径｜大跌池内活跃前三,ASTC,Astrotech Corporation,4,1.8863873934303181,-16.56571808930611
可交易口径｜大跌池内活跃前三,STI,"Solidion Technology, Inc.",4,1.3243661713971366,-21.915314956324547
可交易口径｜大跌池内活跃前三,EROC,"ERock, Inc.",4,1.0065067051445615,-10.096162850348572
可交易口径｜大跌池内活跃前三,SWMR,"Swarmer, Inc",4,0.964935029931777,-22.786474496753048
可交易口径｜大跌池内活跃前三,UCAR,U Power Limited,4,0.9040183148726951,-33.780000083008204
可交易口径｜大跌池内活跃前三,BATL,Battalion Oil Corporation,4,0.8557562721788062,-29.15680634102784
可交易口径｜大跌池内活跃前三,VG,"Venture Global, Inc.",4,0.6846349892553554,-9.945938552519335
可交易口径｜大跌池内活跃前三,WYFI,"WhiteFiber, Inc.",4,0.5871562321868689,-14.231659117252123
可交易口径｜大跌池内活跃前三,HTZ,"Hertz Global Holdings, Inc",4,0.5668782594101772,-20.082086391868998
可交易口径｜大跌池内活跃前三,AXTI,AXT Inc,4,0.3325677448154489,-16.266592937377837
可交易口径｜大跌池内活跃前三,RUBI,Rubico Inc.,3,4.603208083374581,-21.69736088543193
可交易口径｜大跌池内活跃前三,INHD,Inno Holdings Inc.,3,2.2637823262260355,-43.24469523024942
可交易口径｜大跌池内活跃前三,MOBX,"Mobix Labs, Inc.",3,1.3941619684155608,-21.81060829604303
可交易口径｜大跌池内活跃前三,RBNE,Robin Energy Ltd.,3,1.1555200329621165,-15.820612347006284
可交易口径｜大跌池内活跃前三,XOS,"Xos, Inc.",3,1.0415009385440583,-24.501054795960965
可交易口径｜大跌池内活跃前三,SRXH,SRX Global Inc.,3,0.8023561897240108,-22.07896963926794
可交易口径｜大跌池内活跃前三,CODX,"Co-Diagnostics, Inc.",3,0.7985787540387038,-23.651619496021567
可交易口径｜大跌池内活跃前三,CTNT,Cheetah Net Supply Chain Servic,3,0.7529856298766965,-31.403387696293873
可交易口径｜大跌池内活跃前三,SIDU,"Sidus Space, Inc.",3,0.4176578096741625,-13.972987281813621
可交易口径｜大跌池内活跃前三,RIME,"Algorhythm Holdings, Inc.",3,0.30872112552034825,-13.709615613502743
可交易口径｜大跌池内活跃前三,TE,T1 Energy Inc.,3,0.20473188173206372,-13.628155107163039
可交易口径｜大跌池内活跃前三,TDIC,Dreamland Limited,2,3.350094738245425,-59.0646420824295
可交易口径｜大跌池内活跃前三,BIRD,"Smartbird, Inc.",2,2.875289844293219,-29.32663496943328
可交易口径｜大跌池内活跃前三,ONCO,"Onconetix, Inc.",2,2.0751860327989724,-25.20364524997455
可交易口径｜大跌池内活跃前三,RGNT,Regentis Biomaterials Ltd.,2,1.6297645889431396,-28.6187652598535
可交易口径｜大跌池内活跃前三,PRSO,Peraso Inc.,2,1.3025916350666513,-13.648304625717696
可交易口径｜大跌池内活跃前三,INDO,Indonesia Energy Corporation Li,2,1.284234879139372,-20.07996113547439
可交易口径｜大跌池内活跃前三,EZGO,EZGO Technologies Ltd.,2,1.260027759053554,-74.22697368421052
可交易口径｜大跌池内活跃前三,PBM,Psyence Biomedical Ltd.,2,1.1343506908948129,-14.210399945119018
可交易口径｜大跌池内活跃前三,EONR,EON Resources Inc.,2,1.1149472570738264,-17.776314505901862
可交易口径｜大跌池内活跃前三,CAST,"FreeCast, Inc.",2,1.0698265248386678,-17.552264808362366
可交易口径｜大跌池内活跃前三,XNDU,Xanadu Quantum Technologies Lim,2,1.0469233446901114,-35.43837062750809
可交易口径｜大跌池内活跃前三,RKTO,Rocket One Inc.,2,1.0244429813387783,-19.220985691573933
可交易口径｜大跌池内活跃前三,ARTL,"Artelo Biosciences, Inc.",2,0.9682948723449705,-15.172821151517919
可交易口径｜大跌池内活跃前三,LVWR,"LiveWire Group, Inc.",2,0.9472317051986602,-20.108203441536773
可交易口径｜大跌池内活跃前三,KPTI,Karyopharm Therapeutics Inc.,2,0.9322347984121733,-45.46443733319625
可交易口径｜大跌池内活跃前三,NCI,Neo-Concept International Group,2,0.9022322694584839,-38.83914810144318
可交易口径｜大跌池内活跃前三,INLF,INLIF LIMITED,2,0.8940335053589132,-46.80877243775333
可交易口径｜大跌池内活跃前三,REPL,"Replimune Group, Inc.",2,0.8016367160091623,-51.146333388511835
可交易口径｜大跌池内活跃前三,ODD,ODDITY Tech Ltd.,2,0.7741359949538578,-31.86588569623934
可交易口径｜大跌池内活跃前三,GDC,GD Culture Group Limited,2,0.7540511826111825,-49.16666666666667
可交易口径｜大跌池内活跃前三,KIDZ,KIDZ AI Inc.,2,0.7472076542190114,-21.967659014825447
可交易口径｜大跌池内活跃前三,AIFF,"Firefly Neuroscience, Inc.",2,0.6168419066156243,-8.426352619901017
可交易口径｜大跌池内活跃前三,NMAX,"Newsmax, Inc.",2,0.5739663746072003,-18.381992899987765
可交易口径｜大跌池内活跃前三,ZCMD,Zhongchao Inc.,2,0.5602656321846731,-61.18374362386339
可交易口径｜大跌池内活跃前三,RH,RH,2,0.5390804322586861,-14.061334010650011
可交易口径｜大跌池内活跃前三,CAPR,"Capricor Therapeutics, Inc.",2,0.5156555464196292,-50.34613571919739
可交易口径｜大跌池内活跃前三,UNCY,"Unicycive Therapeutics, Inc.",2,0.48253302273756493,-26.12279924703798
可交易口径｜大跌池内活跃前三,SMCI,"Super Micro Computer, Inc.",2,0.47034997153640434,-30.649934756145896
可交易口径｜大跌池内活跃前三,AGIG,Abundia Global Impact Group Inc,2,0.4645498461932107,-26.24190824655221
可交易口径｜大跌池内活跃前三,DXYZ,Destiny Tech100 Inc.,2,0.45340812661317875,-17.345485358657776
可交易口径｜大跌池内活跃前三,GLND,Greenland Energy Company,2,0.45294508708023623,-28.58052731511524
可交易口径｜大跌池内活跃前三,TVRD,"Tvardi Therapeutics, Inc.",2,0.42822654084063416,-18.84210526315789
可交易口径｜大跌池内活跃前三,TC,Token Cat Limited,2,0.41101949514552905,-44.46051877213569
可交易口径｜大跌池内活跃前三,QTEX,QTREX Quantum Ltd.,2,0.40513837587014506,-18.024866129131528
可交易口径｜大跌池内活跃前三,WOLF,"Wolfspeed, Inc.",2,0.36780655587099476,-12.62023989643688
可交易口径｜大跌池内活跃前三,TRT,Trio-Tech International,2,0.3664684939974706,-15.996395618660236
可交易口径｜大跌池内活跃前三,INV,"Innventure, Inc.",2,0.34209827096958734,-34.598765432098766
可交易口径｜大跌池内活跃前三,ELTX,"Elicio Therapeutics, Inc.",2,0.341275087847592,-45.392137939908636
可交易口径｜大跌池内活跃前三,WIX,Wix.com Ltd.,2,0.25474196832508034,-18.27146381171783
可交易口径｜大跌池内活跃前三,PATH,"UiPath, Inc.",2,0.24689278966943723,-9.643943988535796
可交易口径｜大跌池内活跃前三,VELO,"Velo3D, Inc.",2,0.215095294424304,-12.532145226791153
可交易口径｜大跌池内活跃前三,SNDK,Sandisk Corporation,2,0.20162134551002836,-11.822562391076124
可交易口径｜大跌池内活跃前三,JEM,707 Cayman Holdings Limited,1,25.08606439493844,-19.143576826196483
可交易口径｜大跌池内活跃前三,VSA,VisionSys AI Inc.,1,15.06289057100915,-44.52554744525548
可交易口径｜大跌池内活跃前三,VCIG,VCI Global Limited,1,6.331119070709546,-12.826899128268987
可交易口径｜大跌池内活跃前三,AKAN,Akanda Corp.,1,3.7667644354658423,-28.04344018216851
可交易口径｜大跌池内活跃前三,LRHC,La Rosa Holdings Corp.,1,3.1613172253524744,-8.965517241379306
可交易口径｜大跌池内活跃前三,BIAF,"bioAffinity Technologies, Inc.",1,2.0943180445448397,-8.080808080808078
可交易口径｜大跌池内活跃前三,TENX,"Tenax Therapeutics, Inc.",1,1.8720281881444545,-89.73214285714286
可交易口径｜大跌池内活跃前三,XHLD,"TEN Holdings, Inc.",1,1.731084401546405,-28.11387900355872
可交易口径｜大跌池内活跃前三,NTCL,NETCLASS TECHNOLOGY INC,1,1.6532836092414045,-86.25429553264605
可交易口径｜大跌池内活跃前三,LESL,"Leslie's, Inc.",1,1.6454022667827564,-41.07142857142857
可交易口径｜大跌池内活跃前三,ACXP,"Acurx Pharmaceuticals, Inc.",1,1.5688479952320762,-16.915422885572152
可交易口径｜大跌池内活跃前三,EDBL,Edible Garden AG Incorporated,1,1.445417518565127,-25.0
可交易口径｜大跌池内活跃前三,HCTI,"Healthcare Triangle, Inc.",1,1.4416691146963123,-13.597246127366624
可交易口径｜大跌池内活跃前三,SION,"Sionna Therapeutics, Inc.",1,1.3214921899870689,-91.18338557993731
可交易口径｜大跌池内活跃前三,QNCX,"Quince Therapeutics, Inc.",1,1.2967684027740118,-13.043478260869556
可交易口径｜大跌池内活跃前三,NSRX,Nasus Pharma Ltd.,1,1.2446449467999805,-38.0
可交易口径｜大跌池内活跃前三,MGN,Megan Holdings Limited,1,1.2430280295625136,-8.026030368763548
可交易口径｜大跌池内活跃前三,RADX,Radiopharm Theranostics Limited,1,1.2051264521743943,-10.775862068965514
可交易口径｜大跌池内活跃前三,CMPX,"Compass Therapeutics, Inc.",1,1.176037187426883,-64.41351888667992
可交易口径｜大跌池内活跃前三,LASE,Laser Photonics Corporation,1,1.0370203282483268,-14.364640883977897
可交易口径｜大跌池内活跃前三,MCRP,Micropolis AI Robotics,1,1.0152510135291501,-16.826923076923084
可交易口径｜大跌池内活跃前三,FUTU,Futu Holdings Limited,1,1.0118357093500294,-27.531083481349906
可交易口径｜大跌池内活跃前三,CHSN,Chanson International Holding,1,0.9800172446991474,-92.7710843373494
可交易口径｜大跌池内活跃前三,KNRX,KNOREX LTD.,1,0.944368549927026,-14.28571428571428
可交易口径｜大跌池内活跃前三,ALDX,"Aldeyra Therapeutics, Inc.",1,0.9431111061560972,-70.6855791962175
可交易口径｜大跌池内活跃前三,SPCE,"Virgin Galactic Holdings, Inc.",1,0.9380143213913231,-38.96276595744681
可交易口径｜大跌池内活跃前三,NAMM,Namib Minerals,1,0.8534544844207962,-9.944751381215477
可交易口径｜大跌池内活跃前三,ANPA,Rich Sparkle Holdings Limited,1,0.8393630880198484,-16.71134941912421
可交易口径｜大跌池内活跃前三,CPOP,"Pop Culture Group Co., Ltd",1,0.8328226099589642,-30.92105263157895
可交易口径｜大跌池内活跃前三,LCID,"Lucid Group, Inc.",1,0.8316664130950198,-16.152450090744097
可交易口径｜大跌池内活跃前三,CVRX,"CVRx, Inc.",1,0.8234621988209692,-59.764309764309765
可交易口径｜大跌池内活跃前三,ARAI,Arrive AI Inc.,1,0.8014881093357055,-38.78787878787878
可交易口径｜大跌池内活跃前三,VERU,Veru Inc.,1,0.7943026374893887,-19.621749408983458
可交易口径｜大跌池内活跃前三,RDGT,"Ridgetech, Inc.",1,0.787256941906759,-48.235294117647065
可交易口径｜大跌池内活跃前三,HTCO,High-Trend International Group,1,0.7790613954737584,-78.83307169021455
可交易口径｜大跌池内活跃前三,FRMM,"Forum Markets, Incorporated",1,0.7658145849888885,-13.519813519813518
可交易口径｜大跌池内活跃前三,JZ,Jianzhi Education Technology Gr,1,0.763857395524029,-77.41935483870968
可交易口径｜大跌池内活跃前三,TJGC,TJGC Group Limited,1,0.7457808367938625,-23.134328358208954
可交易口径｜大跌池内活跃前三,PAVS,Paranovus Entertainment Technol,1,0.742083932912491,-50.98039215686274
可交易口径｜大跌池内活跃前三,WGS,GeneDx Holdings Corp.,1,0.7309514440757161,-49.19770351832769
可交易口径｜大跌池内活跃前三,BEAT,"Heartbeam, Inc.",1,0.7184954508793974,-8.783783783783772
可交易口径｜大跌池内活跃前三,SOC,Sable Offshore Corp.,1,0.7156268479534765,-55.81061692969871
可交易口径｜大跌池内活跃前三,QH,Quhuo Limited,1,0.6910374155887535,-81.25
可交易口径｜大跌池内活跃前三,HUBC,Hub Cyber Security Ltd.,1,0.6730143298981045,-8.666666666666679
可交易口径｜大跌池内活跃前三,ROLR,"High Roller Technologies, Inc.",1,0.6276467578662989,-19.028340080971663
可交易口径｜大跌池内活跃前三,VITL,"Vital Farms, Inc.",1,0.6275401875573783,-20.666666666666668
可交易口径｜大跌池内活跃前三,SXTC,"China SXT Pharmaceuticals, Inc.",1,0.6233190358691275,-24.626865671641795
可交易口径｜大跌池内活跃前三,SOWG,Sow Good Inc.,1,0.6092627718675884,-21.02272727272727
可交易口径｜大跌池内活跃前三,CPHI,"China Pharma Holdings, Inc.",1,0.6070622843719957,-78.88888888888889
可交易口径｜大跌池内活跃前三,BV,"BrightView Holdings, Inc.",1,0.5879497667373568,-19.207317073170728
可交易口径｜大跌池内活跃前三,EYPT,"EyePoint, Inc.",1,0.5867126981333289,-66.98305084745762
可交易口径｜大跌池内活跃前三,VRRM,Verra Mobility Corporation,1,0.585055587932232,-70.565749235474
可交易口径｜大跌池内活跃前三,MBRX,"Moleculin Biotech, Inc.",1,0.5623552981300052,-11.858974358974361
可交易口径｜大跌池内活跃前三,DUOL,"Duolingo, Inc.",1,0.554298235137468,-14.005959982971483
可交易口径｜大跌池内活跃前三,ALAR,Alarum Technologies Ltd.,1,0.5535714997167703,-51.49606299212598
可交易口径｜大跌池内活跃前三,BBBY,"Bed Bath & Beyond, Inc.",1,0.5460594095878404,-11.235955056179769
可交易口径｜大跌池内活跃前三,SEGG,Sports Entertainment Gaming Glo,1,0.5287094034966969,-19.17808219178082
可交易口径｜大跌池内活跃前三,CRML,Critical Metals Corp.,1,0.5055103728388507,-17.92387543252595
可交易口径｜大跌池内活跃前三,YXT,YXT.COM GROUP HOLDING LIMITED -,1,0.504663903314849,-66.06914212548016
可交易口径｜大跌池内活跃前三,KITT,"Nauticus Robotics, Inc.",1,0.5030983984825701,-23.235294117647054
可交易口径｜大跌池内活跃前三,BNAI,Brand Engagement Network Inc.,1,0.4981659940547552,-31.16769095697981
可交易口径｜大跌池内活跃前三,ONEG,OneConstruction Group Limited,1,0.47734370644599305,-40.145985401459846
可交易口径｜大跌池内活跃前三,DGXX,Digi Power X Inc.,1,0.4737214788408675,-14.657210401891263
可交易口径｜大跌池内活跃前三,TIGR,UP Fintech Holding Limited,1,0.4719369881256561,-25.342465753424648
可交易口径｜大跌池内活跃前三,ENGN,enGene Therapeutics Inc.,1,0.4711814847465145,-80.56497175141243
可交易口径｜大跌池内活跃前三,FWRD,Forward Air Corporation,1,0.4649820621175725,-43.0467397576457
可交易口径｜大跌池内活跃前三,HAO,Haoxi Health Technology Limited,1,0.4637268192098289,-8.888888888888879
可交易口径｜大跌池内活跃前三,EVMN,"Evommune, Inc.",1,0.4623687354365299,-40.23034154090548
可交易口径｜大跌池内活跃前三,IXHL,Incannex Healthcare Inc.,1,0.4577963556044186,-48.408710217755434
可交易口径｜大跌池内活跃前三,LUNR,"Intuitive Machines, Inc.",1,0.43374813593339423,-8.886565603763719
可交易口径｜大跌池内活跃前三,DOMO,"Domo, Inc.",1,0.4313649074812791,-37.11656441717791
可交易口径｜大跌池内活跃前三,PSIX,"Power Solutions International, ",1,0.4305007335388855,-39.151321056845475
可交易口径｜大跌池内活跃前三,MVIS,"Microvision, Inc.",1,0.4290746300307783,-40.583554376657816
可交易口径｜大跌池内活跃前三,EOSE,"Eos Energy Enterprises, Inc.",1,0.4279923149523315,-39.4429469901168
可交易口径｜大跌池内活跃前三,ATRA,"Atara Biotherapeutics, Inc.",1,0.4262663055693855,-16.012084592145015
可交易口径｜大跌池内活跃前三,ASTI,"Ascent Solar Technologies, Inc",1,0.42251584206336995,-22.009029345372454
可交易口径｜大跌池内活跃前三,SNWV,"SANUWAVE Health, Inc.",1,0.4215577560136759,-39.21404682274249
可交易口径｜大跌池内活跃前三,MPLT,"MapLight Therapeutics, Inc.",1,0.4212747955071081,-72.89387308533917
可交易口径｜大跌池内活跃前三,VATE,INNOVATE Corp.,1,0.40188979910811207,-41.123038810900084
可交易口径｜大跌池内活跃前三,WYHG,Wing Yip Food Holdings Group Li,1,0.4000768788734529,-39.786585365853654
可交易口径｜大跌池内活跃前三,BETR,Better Home & Finance Holding C,1,0.3997265963914542,-36.739926739926744
可交易口径｜大跌池内活跃前三,BROS,Dutch Bros Inc.,1,0.3975769955614874,-18.790924318562517
可交易口径｜大跌池内活跃前三,AMPG,"Amplitech Group, Inc.",1,0.3940385134938923,-33.2220367278798
可交易口径｜大跌池内活跃前三,QNTM,Quantum Biopharma Ltd.,1,0.3892345553522055,-10.272536687631018
可交易口径｜大跌池内活跃前三,AVAV,"AeroVironment, Inc.",1,0.3835917421367673,-17.415262636273543
可交易口径｜大跌池内活跃前三,RDAC,Rising Dragon Acquisition Corp.,1,0.38341214566610166,-48.025353486104336
可交易口径｜大跌池内活跃前三,EMBC,Embecta Corp.,1,0.370652380466599,-57.837837837837846
可交易口径｜大跌池内活跃前三,YYGH,YY Group Holding Limited,1,0.3685232105382653,-37.23404255319148
可交易口径｜大跌池内活跃前三,LGCL,Lucas GC Limited,1,0.36770574749923923,-10.810810810810823
可交易口径｜大跌池内活跃前三,GRCE,"Grace Therapeutics, Inc.",1,0.3661168933271739,-45.47563805104408
可交易口径｜大跌池内活跃前三,GMM,Global Mofy AI Limited,1,0.36516606858560696,-18.918918918918926
可交易口径｜大跌池内活跃前三,QTTB,Q32 Bio Inc.,1,0.3650316771974812,-14.951245937161438
可交易口径｜大跌池内活跃前三,ANY,Sphere 3D Corp.,1,0.36064998610531435,-23.185840707964612
可交易口径｜大跌池内活跃前三,SUJA,"Suja Life, Inc.",1,0.36062722991142193,-46.14035087719298
可交易口径｜大跌池内活跃前三,PRIM,Primoris Services Corporation,1,0.35805974149401276,-50.11334516065443
可交易口径｜大跌池内活跃前三,PROP,Prairie Operating Co.,1,0.3465515398816492,-34.2857142857143
可交易口径｜大跌池内活跃前三,CHAI,"Core AI Holdings, Inc.",1,0.3457790698471611,-26.344086021505365
可交易口径｜大跌池内活跃前三,PLSM,Pulsenmore Ltd.,1,0.344407388259591,-10.470409711684358
可交易口径｜大跌池内活跃前三,ALMU,"Aeluma, Inc.",1,0.34426951314405835,-15.369958717053034
可交易口径｜大跌池内活跃前三,OPTU,"Optimum Communications, Inc.",1,0.3432921733165056,-25.51724137931034
可交易口径｜大跌池内活跃前三,PFSA,"Profusa, Inc.",1,0.3361294971987577,-32.432432432432435
可交易口径｜大跌池内活跃前三,IREN,IREN LIMITED,1,0.3356747108542835,-9.885620915032689
可交易口径｜大跌池内活跃前三,MNTS,Momentus Inc.,1,0.33200796250614706,-18.041582830315217
可交易口径｜大跌池内活跃前三,PZZA,"Papa John's International, Inc.",1,0.3302180454925736,-17.176470588235293
可交易口径｜大跌池内活跃前三,LNKS,Linkers Industries Limited,1,0.32979613788896445,-86.14718614718615
可交易口径｜大跌池内活跃前三,KLC,"KinderCare Learning Companies, ",1,0.32892046184216667,-42.647058823529406
可交易口径｜大跌池内活跃前三,GRRR,Gorilla Technology Group Inc.,1,0.32435588322160147,-29.099582587954675
可交易口径｜大跌池内活跃前三,PSN,Parsons Corporation,1,0.31379282852478096,-34.999193938416894
可交易口径｜大跌池内活跃前三,OBAI,"Our Bond, Inc.",1,0.302630493505266,-12.38938053097346
可交易口径｜大跌池内活跃前三,WNW,Meiwu Technology Company Limite,1,0.30016350877049425,-18.31578947368421
可交易口径｜大跌池内活跃前三,FFAI,Faraday Future Intelligent Elec,1,0.2992531898994153,-17.910447761194035
可交易口径｜大跌池内活跃前三,FSLY,"Fastly, Inc.",1,0.2957098482093665,-21.690427698574343
可交易口径｜大跌池内活跃前三,GO,Grocery Outlet Holding Corp.,1,0.2941820691960234,-27.872582480091
可交易口径｜大跌池内活跃前三,FPS,"Forgent Power Solutions, Inc.",1,0.29309192714366405,-9.750077136686198
可交易口径｜大跌池内活跃前三,WVE,"Wave Life Sciences, Inc.",1,0.2922132948290156,-49.59349593495935
可交易口径｜大跌池内活跃前三,SVV,"Savers Value Village, Inc.",1,0.28858833075583873,-9.237288135593214
可交易口径｜大跌池内活跃前三,PLCE,"Children's Place, Inc. (The)",1,0.2875806288943441,-28.46347607052897
可交易口径｜大跌池内活跃前三,PN,PN Smart Energy Limited,1,0.2862863214326925,-15.466101694915245
可交易口径｜大跌池内活跃前三,BYND,"Beyond Meat, Inc.",1,0.2843292008494435,-19.615384615384624
可交易口径｜大跌池内活跃前三,PAL,"Proficient Auto Logistics, Inc.",1,0.2781371461357256,-29.558011049723763
可交易口径｜大跌池内活跃前三,QDEL,QuidelOrtho Corporation,1,0.2730292304392111,-27.4442538593482
可交易口径｜大跌池内活跃前三,AVEX,AEVEX Corp.,1,0.2712468248205308,-8.343868520859676
可交易口径｜大跌池内活跃前三,FCEL,"FuelCell Energy, Inc.",1,0.26946059804078415,-13.17411402157166
可交易口径｜大跌池内活跃前三,DWSN,Dawson Geophysical Company,1,0.26832418165101335,-41.611624834874505
可交易口径｜大跌池内活跃前三,PUSA,Aureus Greenway Holdings Inc.,1,0.26599421259785416,-9.60264900662252
可交易口径｜大跌池内活跃前三,PLAB,"Photronics, Inc.",1,0.264638897009473,-36.42309848626424
可交易口径｜大跌池内活跃前三,CLIK,CLICK HOLDINGS LIMITED,1,0.25860623025545065,-13.091922005571021
可交易口径｜大跌池内活跃前三,FEIM,"Frequency Electronics, Inc.",1,0.25081784009502184,-13.195907312669275
可交易口径｜大跌池内活跃前三,CLBT,Cellebrite DI Ltd.,1,0.24792527261025385,-29.18032786885245
可交易口径｜大跌池内活跃前三,BDMD,Baird Medical Investment Holdin,1,0.24303559650262116,-9.593023255813959
可交易口径｜大跌池内活跃前三,ACLS,"Axcelis Technologies, Inc.",1,0.23547383431368776,-16.741116751269026
可交易口径｜大跌池内活跃前三,CING,Cingulate Inc.,1,0.23542236831301863,-31.04631217838766
可交易口径｜大跌池内活跃前三,CRDO,Credo Technology Group Holding ,1,0.2353271946992503,-11.203969704883775
可交易口径｜大跌池内活跃前三,DRVN,Driven Brands Holdings Inc.,1,0.2341182321071463,-30.162552679108966
可交易口径｜大跌池内活跃前三,KLXE,"KLX Energy Services Holdings, I",1,0.23086118703845424,-30.80357142857143
可交易口径｜大跌池内活跃前三,TTMI,"TTM Technologies, Inc.",1,0.2306437034143948,-9.061119817637831
可交易口径｜大跌池内活跃前三,CTMX,"CytomX Therapeutics, Inc.",1,0.22902211589604257,-19.266055045871553
可交易口径｜大跌池内活跃前三,FEED,"ENvue Medical, Inc.",1,0.2243362000295774,-12.87878787878789
可交易口径｜大跌池内活跃前三,SSTK,"Shutterstock, Inc.",1,0.2217860464388574,-21.95121951219512
可交易口径｜大跌池内活跃前三,INGM,Ingram Micro Holding Corporatio,1,0.22005238951478429,-16.312594840667682
可交易口径｜大跌池内活跃前三,INO,"Inovio Pharmaceuticals, Inc.",1,0.21553680090642421,-35.05747126436782
可交易口径｜大跌池内活跃前三,CCXI,Churchill Capital Corp XI,1,0.21276654911994256,-9.842931937172782
可交易口径｜大跌池内活跃前三,NXTC,"NextCure, Inc.",1,0.21244079343083594,-9.849749582637724
可交易口径｜大跌池内活跃前三,SHLS,"Shoals Technologies Group, Inc.",1,0.21094440848881918,-30.909090909090907
可交易口径｜大跌池内活跃前三,FWRG,"First Watch Restaurant Group, I",1,0.19755457618259614,-20.516129032258068
可交易口径｜大跌池内活跃前三,MWC,"Micware Co., Ltd.",1,0.18937556877900538,-34.319526627218934
可交易口径｜大跌池内活跃前三,NUTX,Nutex Health Inc.,1,0.18915082975008385,-14.296563508638693
可交易口径｜大跌池内活跃前三,CIFR,Cipher Digital Inc.,1,0.18870011805195655,-15.64569536423841
可交易口径｜大跌池内活跃前三,RCAT,"Red Cat Holdings, Inc.",1,0.1886461683966111,-10.941176470588232
可交易口径｜大跌池内活跃前三,AAL,"American Airlines Group, Inc.",1,0.1853199870676224,-8.31643002028397
可交易口径｜大跌池内活跃前三,ZD,"Ziff Davis, Inc.",1,0.18170764582452437,-10.287648054145516
可交易口径｜大跌池内活跃前三,ABTC,American Bitcoin Corp.,1,0.1801983692152169,-10.122699386503054
可交易口径｜大跌池内活跃前三,PSNL,"Personalis, Inc.",1,0.17948648784680118,-13.320337881741395
可交易口径｜大跌池内活跃前三,SAIL,"SailPoint, Inc.",1,0.17659142954996937,-15.227736233854516
可交易口径｜大跌池内活跃前三,ACHC,"Acadia Healthcare Company, Inc.",1,0.1688025674987389,-8.351026185421095
可交易口径｜大跌池内活跃前三,W,Wayfair Inc.,1,0.16007325191159846,-12.747372730994943
可交易口径｜大跌池内活跃前三,WEN,Wendy's Company (The),1,0.15001307389842228,-8.139534883720923
可交易口径｜大跌池内活跃前三,RNTX,"Rein Therapeutics, Inc.",1,0.13858413783196255,-24.26470588235293
可交易口径｜大跌池内活跃前三,SLXN,Silexion Therapeutics Corp,1,0.13798120563837893,-10.377358490566058
可交易口径｜大跌池内活跃前三,SLS,"SELLAS Life Sciences Group, Inc",1,0.12866060426681353,-15.719063545150503
可交易口径｜大跌池内活跃前三,CLX,Clorox Company (The),1,0.12838239548419947,-9.674408958938196
可交易口径｜大跌池内活跃前三,SENS,"Senseonics Holdings, Inc.",1,0.12626412490671138,-22.844175491679287
可交易口径｜大跌池内活跃前三,PENG,"Penguin Solutions, Inc.",1,0.11782529942980015,-8.428073366681833
可交易口径｜大跌池内活跃前三,RGNX,REGENXBIO Inc.,1,0.11545950352465702,-11.696428571428562
可交易口径｜大跌池内活跃前三,SG,"Sweetgreen, Inc.",1,0.11212038804716117,-8.217054263565892
