description,rule_code,symbol,company_name,signal_date,entry_date,entry_price,exit_date,exit_timing,exit_price,exit_reason,gross_return,net_return,holding_market_sessions,period
固定止盈10%/止损15%；最晚D+3收盘；同日双触发按止损优先,BRACKET_M3_TP10_SL15,FROG,JFrog Ltd.,2026-02-20,2026-02-23,38.08,2026-02-26,intraday,41.888,take_profit,0.1,0.0945137157107232,3,train
固定止盈10%/止损15%；最晚D+3收盘；同日双触发按止损优先,BRACKET_M3_TP10_SL15,ARRY,"Array Technologies, Inc.",2026-02-26,2026-02-27,7.14,2026-03-04,close,7.31,max_hold_close,0.0238095238095237,0.0187032418952619,3,train
固定止盈10%/止损15%；最晚D+3收盘；同日双触发按止损优先,BRACKET_M3_TP10_SL15,INDI,"indie Semiconductor, Inc.",2026-03-04,2026-03-05,2.6,2026-03-10,close,2.61,max_hold_close,0.0038461538461538,-0.0011605601381161,3,train
固定止盈10%/止损15%；最晚D+3收盘；同日双触发按止损优先,BRACKET_M3_TP10_SL15,UMAC,"Unusual Machines, Inc.",2026-03-16,2026-03-17,18.55,2026-03-17,intraday,20.405,take_profit,0.1,0.0945137157107232,0,train
固定止盈10%/止损15%；最晚D+3收盘；同日双触发按止损优先,BRACKET_M3_TP10_SL15,ALDX,"Aldeyra Therapeutics, Inc.",2026-03-17,2026-03-18,1.2,2026-03-18,intraday,1.32,take_profit,0.1,0.0945137157107232,0,train
固定止盈10%/止损15%；最晚D+3收盘；同日双触发按止损优先,BRACKET_M3_TP10_SL15,CTMX,"CytomX Therapeutics, Inc.",2026-03-18,2026-03-19,4.51,2026-03-19,intraday,4.961,take_profit,0.1,0.0945137157107232,0,train
固定止盈10%/止损15%；最晚D+3收盘；同日双触发按止损优先,BRACKET_M3_TP10_SL15,UMAC,"Unusual Machines, Inc.",2026-03-20,2026-03-23,15.23,2026-03-26,close,13.44,max_hold_close,-0.1175311884438609,-0.1219325291498764,3,train
固定止盈10%/止损15%；最晚D+3收盘；同日双触发按止损优先,BRACKET_M3_TP10_SL15,WVE,"Wave Life Sciences, Inc.",2026-03-26,2026-03-27,6.02,2026-03-27,intraday,6.622,take_profit,0.1,0.0945137157107232,0,train
固定止盈10%/止损15%；最晚D+3收盘；同日双触发按止损优先,BRACKET_M3_TP10_SL15,RDW,Redwire Corporation,2026-03-27,2026-03-30,8.19,2026-04-01,intraday,9.009,take_profit,0.1,0.0945137157107232,2,train
固定止盈10%/止损15%；最晚D+3收盘；同日双触发按止损优先,BRACKET_M3_TP10_SL15,UMAC,"Unusual Machines, Inc.",2026-03-27,2026-03-30,12.26,2026-04-01,intraday,13.486,take_profit,0.1,0.0945137157107232,2,train
固定止盈10%/止损15%；最晚D+3收盘；同日双触发按止损优先,BRACKET_M3_TP10_SL15,AXTI,AXT Inc,2026-04-01,2026-04-02,44.52,2026-04-02,intraday,48.97200000000001,take_profit,0.1,0.0945137157107232,0,train
固定止盈10%/止损15%；最晚D+3收盘；同日双触发按止损优先,BRACKET_M3_TP10_SL15,AXTI,AXT Inc,2026-04-06,2026-04-07,42.7,2026-04-08,open,50.99,gap_target,0.1941451990632319,0.1881893626589266,1,train
固定止盈10%/止损15%；最晚D+3收盘；同日双触发按止损优先,BRACKET_M3_TP10_SL15,ANVS,"Annovis Bio, Inc.",2026-04-09,2026-04-10,1.64,2026-04-15,close,1.76,max_hold_close,0.0731707317073171,0.0678182592299738,3,train
固定止盈10%/止损15%；最晚D+3收盘；同日双触发按止损优先,BRACKET_M3_TP10_SL15,PROP,Prairie Operating Co.,2026-04-09,2026-04-10,1.39,2026-04-13,intraday,1.529,take_profit,0.1,0.0945137157107232,1,train
固定止盈10%/止损15%；最晚D+3收盘；同日双触发按止损优先,BRACKET_M3_TP10_SL15,ROLR,"High Roller Technologies, Inc.",2026-04-15,2026-04-16,6.4,2026-04-16,intraday,7.040000000000001,take_profit,0.1,0.0945137157107232,0,train
固定止盈10%/止损15%；最晚D+3收盘；同日双触发按止损优先,BRACKET_M3_TP10_SL15,CAR,"Avis Budget Group, Inc.",2026-04-22,2026-04-23,402.01,2026-04-23,intraday,341.7085,stop_loss,-0.1500000000000001,-0.1542394014962593,0,train
固定止盈10%/止损15%；最晚D+3收盘；同日双触发按止损优先,BRACKET_M3_TP10_SL15,CAR,"Avis Budget Group, Inc.",2026-04-23,2026-04-24,235.4,2026-04-27,open,190.54,gap_stop,-0.1905692438402719,-0.1946063049682505,1,train
固定止盈10%/止损15%；最晚D+3收盘；同日双触发按止损优先,BRACKET_M3_TP10_SL15,RDW,Redwire Corporation,2026-04-23,2026-04-24,10.28,2026-04-29,intraday,8.738,stop_loss,-0.15,-0.1542394014962592,3,train
固定止盈10%/止损15%；最晚D+3收盘；同日双触发按止损优先,BRACKET_M3_TP10_SL15,ONDS,Ondas Inc,2026-04-29,2026-04-30,9.5,2026-05-01,intraday,10.45,take_profit,0.1,0.0945137157107232,1,train
固定止盈10%/止损15%；最晚D+3收盘；同日双触发按止损优先,BRACKET_M3_TP10_SL15,DGXX,Digi Power X Inc.,2026-05-14,2026-05-15,6.88,2026-05-15,intraday,7.568,take_profit,0.1,0.0945137157107232,0,train
固定止盈10%/止损15%；最晚D+3收盘；同日双触发按止损优先,BRACKET_M3_TP10_SL15,RDW,Redwire Corporation,2026-06-01,2026-06-02,20.98,2026-06-05,intraday,17.833,stop_loss,-0.1500000000000001,-0.1542394014962593,3,train
固定止盈10%/止损15%；最晚D+3收盘；同日双触发按止损优先,BRACKET_M3_TP10_SL15,UMAC,"Unusual Machines, Inc.",2026-06-01,2026-06-02,30.58,2026-06-02,intraday,33.638,take_profit,0.1,0.0945137157107232,0,train
固定止盈10%/止损15%；最晚D+3收盘；同日双触发按止损优先,BRACKET_M3_TP10_SL15,DGXX,Digi Power X Inc.,2026-06-05,2026-06-08,6.4,2026-06-11,close,6.5,max_hold_close,0.015625,0.0105595386533667,3,train
固定止盈10%/止损15%；最晚D+3收盘；同日双触发按止损优先,BRACKET_M3_TP10_SL15,LASE,Laser Photonics Corporation,2026-06-05,2026-06-08,3.4,2026-06-08,intraday,3.74,take_profit,0.1,0.0945137157107232,0,train
固定止盈10%/止损15%；最晚D+3收盘；同日双触发按止损优先,BRACKET_M3_TP10_SL15,RDW,Redwire Corporation,2026-06-05,2026-06-08,19.36,2026-06-09,intraday,16.456,stop_loss,-0.15,-0.1542394014962592,1,train
固定止盈10%/止损15%；最晚D+3收盘；同日双触发按止损优先,BRACKET_M3_TP10_SL15,LASE,Laser Photonics Corporation,2026-06-12,2026-06-15,2.18,2026-06-16,intraday,2.398000000000001,take_profit,0.1,0.0945137157107232,1,test
固定止盈10%/止损15%；最晚D+3收盘；同日双触发按止损优先,BRACKET_M3_TP10_SL15,RDW,Redwire Corporation,2026-06-12,2026-06-15,15.96,2026-06-16,intraday,13.566,stop_loss,-0.15,-0.1542394014962592,1,test
固定止盈10%/止损15%；最晚D+3收盘；同日双触发按止损优先,BRACKET_M3_TP10_SL15,RDW,Redwire Corporation,2026-06-16,2026-06-17,13.77,2026-06-23,close,12.22,max_hold_close,-0.1125635439360929,-0.1169896609239428,3,test
固定止盈10%/止损15%；最晚D+3收盘；同日双触发按止损优先,BRACKET_M3_TP10_SL15,ONDS,Ondas Inc,2026-06-24,2026-06-25,7.94,2026-06-30,close,8.24,max_hold_close,0.0377833753148615,0.0326073983806229,3,test
固定止盈10%/止损15%；最晚D+3收盘；同日双触发按止损优先,BRACKET_M3_TP10_SL15,SOC,Sable Offshore Corp.,2026-06-30,2026-07-01,3.88,2026-07-01,intraday,4.268,take_profit,0.0999999999999998,0.0945137157107229,0,test
固定止盈10%/止损15%；最晚D+3收盘；同日双触发按止损优先,BRACKET_M3_TP10_SL15,RXT,"Rackspace Technology, Inc.",2026-07-09,2026-07-10,4.44,2026-07-10,intraday,4.884000000000001,take_profit,0.1,0.0945137157107232,0,test
固定止盈10%/止损15%；最晚D+3收盘；同日双触发按止损优先,BRACKET_M3_TP10_SL15,TE,T1 Energy Inc.,2026-07-16,2026-07-17,5.7,2026-07-22,intraday,6.2700000000000005,take_profit,0.1,0.0945137157107232,3,test
固定止盈10%/止损15%；最晚D+3收盘；同日双触发按止损优先,BRACKET_M3_TP10_SL15,TE,T1 Energy Inc.,2026-07-24,2026-07-27,5.14,2026-07-28,open,4.35,gap_stop,-0.1536964980544747,-0.1579174631514598,1,test
固定止盈10%/止损15%；最晚D+3收盘；同日双触发按止损优先,BRACKET_M3_TP10_SL15,REPL,"Replimune Group, Inc.",2026-07-28,2026-07-29,5.25,2026-07-31,open,11.38,gap_target,1.1676190476190476,1.1568079800498752,2,test
固定止盈10%/止损15%；最晚D+3收盘；同日双触发按止损优先,BRACKET_M3_TP10_SL15,TE,T1 Energy Inc.,2026-07-28,2026-07-29,4.16,2026-07-30,intraday,3.536,stop_loss,-0.15,-0.1542394014962592,1,test
固定止盈10%/止损15%；最晚D+3收盘；同日双触发按止损优先,BRACKET_M3_TP10_SL15,BIOA,"BioAge Labs, Inc.",2026-07-31,2026-08-03,9.5,2026-08-03,intraday,10.45,take_profit,0.1,0.0945137157107232,0,test
固定止盈10%/止损15%；最晚D+3收盘；同日双触发按止损优先,BRACKET_M3_TP10_SL15,PUSA,Aureus Greenway Holdings Inc.,2026-08-03,2026-08-04,2.78,2026-08-04,intraday,3.058,take_profit,0.1,0.0945137157107232,0,test
固定止盈10%/止损15%；最晚D+3收盘；同日双触发按止损优先,BRACKET_M3_TP10_SL15,CVRX,"CVRx, Inc.",2026-08-07,2026-08-10,2.39,2026-08-11,intraday,2.6290000000000004,take_profit,0.1,0.0945137157107232,1,test
固定止盈10%/止损15%；最晚D+3收盘；同日双触发按止损优先,BRACKET_M3_TP10_SL15,TE,T1 Energy Inc.,2026-08-12,2026-08-13,4.9,2026-08-18,close,4.65,max_hold_close,-0.0510204081632652,-0.055753473459209,3,test
